2016/12/31,单
2016/12/29,双
2016/12/25,单
2016/12/23,单
2016/12/20,单
2016/12/18,单
2016/12/15,单
2016/12/13,单
2016/12/10,单
2016/12/8,单
2016/12/6,单
2016/12/3,单
2016/12/1,双
2016/11/29,单
2016/11/26,单
2016/11/24,单
2016/11/22,单
2016/11/19,双
2016/11/17,单
2016/11/15,双
2016/11/13,双
2016/11/10,单
2016/11/8,双
2016/11/5,双
2016/11/3,单
2016/11/1,双
2016/10/29,双
2016/10/27,单
2016/10/25,双
2016/10/22,单
2016/10/20,单
2016/10/18,双
2016/10/15,双
2016/10/13,双
2016/10/11,单
2016/10/9,单
2016/10/6,双
2016/10/4,双
2016/10/2,双
2016/9/29,双
2016/9/27,单
2016/9/24,双
2016/9/22,双
2016/9/20,单
2016/9/17,双
2016/9/15,双
2016/9/13,单
2016/9/10,双
2016/9/8,双
2016/9/6,单
2016/9/4,双
2016/9/1,双
2016/8/30,单
2016/8/27,双
2016/8/25,单
2016/8/23,单
2016/8/20,单
2016/8/18,双
2016/8/16,双
2016/8/13,双
2016/8/11,单
2016/8/9,双
2016/8/6,单
2016/8/4,单
2016/8/2,单
2016/7/30,双
2016/7/28,单
2016/7/26,双
2016/7/24,双
2016/7/22,单
2016/7/19,双
2016/7/16,双
2016/7/14,双
2016/7/12,双
2016/7/9,单
2016/7/7,双
2016/7/5,双
2016/7/2,单
2016/6/30,单
2016/6/28,双
2016/6/25,双
2016/6/23,单
2016/6/21,单
2016/6/18,双
2016/6/16,双
2016/6/14,单
2016/6/11,单
2016/6/8,单
2016/6/6,单
2016/6/4,单
2016/6/2,双
2016/5/31,单
2016/5/28,双
2016/5/26,双
2016/5/24,双
2016/5/21,单
2016/5/19,双
2016/5/17,单
2016/5/15,双
2016/5/12,单
2016/5/10,单
2016/5/5,单
2016/4/30,双
2016/4/26,双
2016/4/23,单
2016/4/21,单
2016/4/19,单
2016/4/17,双
2016/4/14,单
2016/4/12,双
2016/4/9,单
2016/4/7,单
2016/4/5,单
2016/4/2,单
2016/3/29,双
2016/3/26,单
2016/3/24,单
2016/3/22,单
2016/3/19,双
2016/3/17,单
2016/3/15,单
2016/3/12,双
2016/3/10,单
2016/3/8,双
2016/3/5,双
2016/3/3,单
2016/3/1,单
2016/2/27,双
2016/2/25,单
2016/2/23,单
2016/2/20,单
2016/2/18,双
2016/2/16,双
2016/2/13,单
2016/2/11,双
2016/2/7,单
2016/2/4,双
2016/2/2,双
2016/1/30,双
2016/1/28,双
2016/1/26,单
2016/1/23,单
2016/1/21,单
2016/1/19,单
2016/1/16,双
2016/1/14,双
2016/1/12,单
2016/1/10,双
2016/1/7,双
2016/1/5,单
2016/1/2,单
