2017/7/2,온
2017/6/29,온
2017/6/27,틺
2017/6/24,온
2017/6/22,온
2017/6/20,틺
2017/6/17,틺
2017/6/15,틺
2017/6/13,틺
2017/6/10,틺
2017/6/8,틺
2017/6/6,온
2017/6/3,틺
2017/6/1,온
2017/5/30,온
2017/5/27,온
2017/5/25,온
2017/5/23,온
2017/5/20,틺
2017/5/18,틺
2017/5/16,온
2017/5/14,틺
2017/5/11,온
2017/5/9,틺
2017/5/6,온
2017/5/4,온
2017/5/2,틺
2017/4/29,온
2017/4/27,온
2017/4/25,틺
2017/4/22,틺
2017/4/18,틺
2017/4/15,온
2017/4/13,틺
2017/4/11,틺
2017/4/8,온
2017/4/6,틺
2017/4/4,틺
2017/4/1,온
2017/3/30,온
2017/3/28,틺
2017/3/25,틺
2017/3/23,틺
2017/3/21,틺
2017/3/18,틺
2017/3/16,틺
2017/3/14,틺
2017/3/11,온
2017/3/9,틺
2017/3/7,틺
2017/3/4,온
2017/3/2,틺
2017/2/28,온
2017/2/25,틺
2017/2/23,틺
2017/2/21,틺
2017/2/18,온
2017/2/16,온
2017/2/14,틺
2017/2/12,온
2017/2/9,틺
2017/2/7,틺
2017/2/4,틺
2017/2/1,온
2017/1/28,틺
2017/1/26,틺
2017/1/24,틺
2017/1/21,온
2017/1/19,틺
2017/1/17,온
2017/1/15,온
2017/1/12,틺
2017/1/10,틺
2017/1/7,온
2017/1/5,온
2017/1/3,틺
